title,original_title,budget,genre,language,spoken_languages,homepage,overview,popularity,runtime,revenue,release_date,vote_average,vote_count,production_countries,mpaa_rating,critics_pick,byline,headline,summary_short,publication_date,opening_date,date_updated,link.type,link.url,link.suggested_link_text,multimedia.type,multimedia.src,multimedia.height,multimedia.width,multimedia
What's Love Got to Do with It?,What's Love Got to Do with It?,0,"Romance, Comedy",en,"English, Urdu",,Two childhood friends now in their thirties must decide whether to follow their heads or their hearts once the man decides to follow his parents' advice and enter into an arranged marriage in Pakistan.,26.487,109,10898395,2023-01-26,6.149,94,United Kingdom,PG-13,0,Jeannette Catsoulis,Review: ‘What’s Love Got to Do With It?’ Probably a Lot,Two childhood friends navigate cultural differences in this pleasantly uncontentious romantic comedy.,2023-05-04,2023-05-05,2023-05-04 17:17:05,article,https://www.nytimes.com/2023/05/04/movies/whats-love-got-to-do-with-it-review.html,Read the New York Times Review of What's Love Got to Do with It?,mediumThreeByTwo210,https://static01.nyt.com/images/2023/05/04/multimedia/whats-love1-fbmh/whats-love1-fbmh-mediumThreeByTwo440.jpg,140.0,210.0,
A Tourist's Guide to Love,A Tourist's Guide to Love,0,"Romance, Comedy, Adventure",en,English,https://www.netflix.com/title/81424906,"After an unexpected break up, a travel executive accepts an assignment to go undercover and learn about the tourist industry in Vietnam. Along the way, she finds adventure and romance with her Vietnamese expat tour guide and they decide to hijack the tour bus in order to explore life and love off the beaten path.",35.446,96,0,2023-04-21,6.404,120,United States of America,TV-PG,0,Elisabeth Vincentelli,‘A Tourist’s Guide to Love’ Review: A Wearyingly Familiar Trip,Rachael Leigh Cook stars in this bland rom-com as a travel executive exploring Vietnam and getting over a breakup.,2023-04-21,2023-04-21,2023-04-21 07:04:03,article,https://www.nytimes.com/2023/04/21/movies/a-tourists-guide-to-love-review.html,Read the New York Times Review of A Tourist's Guide to Love,mediumThreeByTwo210,https://static01.nyt.com/images/2023/04/21/multimedia/21tourists-guide-to-love-review1-qhwp/21tourists-guide-to-love-review1-qhwp-mediumThreeByTwo440.jpg,140.0,210.0,
One True Loves,One True Loves,0,"Romance, Drama, Comedy",en,English,,"Emma and Jesse are living the perfect life together, until Jesse disappears in a tragic helicopter crash on their first wedding anniversary. Four years later, Emma has found happiness again and is about to marry her best friend when Jesse resurfaces, turning her world upside down and leaving her torn between two great loves.",58.73,100,37820,2023-04-07,6.817,30,"Germany, United States of America",PG-13,0,Brandon Yu,‘One True Loves’ Review: A Romance Lost at Sea,"A film adaptation of Taylor Jenkins Reid’s novel has potential for drama, but it stumbles on stock melodrama.",2023-04-13,2023-04-14,2023-04-13 11:02:07,article,https://www.nytimes.com/2023/04/13/movies/one-true-loves-movie-review.html,Read the New York Times Review of One True Loves,mediumThreeByTwo210,https://static01.nyt.com/images/2023/04/13/multimedia/13one-true-loves-review-tflv/13one-true-loves-review-tflv-mediumThreeByTwo440.jpg,140.0,210.0,
Lady Chatterley's Lover,Lady Chatterley's Lover,0,"Drama, Romance",en,English,https://www.netflix.com/title/81476441,Unhappily married aristocrat Lady Chatterley begins a torrid affair — and falls deeply in love — with the gamekeeper on her husband's country estate.,33.251,126,0,2022-09-02,6.604,294,"United Kingdom, United States of America",R,0,A.O. Scott,‘Lady Chatterley’s Lover’ Review: When Connie Met Ollie,The new Netflix adaptation of D.H. Lawrence’s once-controversial novel is both steamy and decorous.,2022-12-01,2022-12-02,2022-12-01 16:41:03,article,https://www.nytimes.com/2022/12/01/movies/lady-chatterleys-lover-review.html,Read the New York Times Review of Lady Chatterley's Lover,mediumThreeByTwo210,https://static01.nyt.com/images/2022/12/01/multimedia/01ladychatterley-1-2403/01ladychatterley-1-2403-mediumThreeByTwo440.jpg,140.0,210.0,
Meet Me in the Bathroom,Meet Me in the Bathroom,0,"Documentary, Music",en,English,https://www.meetmeinthebathroomfilm.com/,"Set against the backdrop of 9/11, this documentary tells the story of how a new generation kickstarted a musical rebirth for New York City that reverberated around the world.",6.626,108,0,2022-11-04,5.2,9,"United Kingdom, United States of America",,0,Glenn Kenny,‘Meet Me in the Bathroom’ Review: New York’s Last Rock Renaissance,The post-post punk New York rock scene gets an archival retrospective in this documentary.,2022-11-03,2022-11-25,2022-11-03 11:05:03,article,https://www.nytimes.com/2022/11/03/movies/meet-me-in-the-bathroom-review.html,Read the New York Times Review of Meet Me in the Bathroom,mediumThreeByTwo210,https://static01.nyt.com/images/2022/11/04/arts/meetme1/meetme1-mediumThreeByTwo440.jpg,140.0,210.0,
I Love My Dad,I Love My Dad,0,Comedy,en,English,http://www.magpictures.com/ilovemydad/,A hopelessly estranged father catfishes his son in an attempt to reconnect.,5.971,90,0,2022-08-05,5.859,32,United States of America,R,0,Glenn Kenny,‘I Love My Dad’ Review: A Father Catfishes His Son,This comedy is a daddy-issues movie with a queasy premise truly made for these times.,2022-08-04,2022-08-05,2022-08-04 11:01:03,article,https://www.nytimes.com/2022/08/04/movies/i-love-my-dad-review.html,Read the New York Times Review of I Love My Dad,mediumThreeByTwo210,https://static01.nyt.com/images/2022/08/04/arts/04lovemydad/04lovemydad-mediumThreeByTwo440.jpg,140.0,210.0,
Art of Love,Simone,0,"Drama, Romance",es,"English, Spanish",,"A mysterious, erotic and haunting love story between a writer/professor at Puerto Rico's leading University and an aspiring artist from the immigrant Chinese community.",5.179,116,0,2021-10-14,3.2,5,Puerto Rico,,0,Concepción de León,‘Art of Love’ Review: An Erotic Male Fantasy in Puerto Rico,"A disillusioned college professor develops a relationship with a young Chinese woman, in a familiar and worn-out narrative.",2022-07-21,2022-07-22,2022-07-21 13:22:03,article,https://www.nytimes.com/2022/07/21/movies/art-of-love-review.html,Read the New York Times Review of Art of Love,mediumThreeByTwo210,https://static01.nyt.com/images/2022/07/21/arts/21art-of-love-2/merlin_209988828_c2baf255-9cba-4a77-b8a8-0165fa7e8ffd-mediumThreeByTwo440.jpg,140.0,210.0,
"My Donkey, My Lover & I",Antoinette dans les Cévennes,0,"Comedy, Adventure, Romance",fr,French,,"Antoinette, a school teacher, is looking forward to her long planned summer holidays with her secret lover Vladimir, the father of one of her pupils. When learning that Vladimir cannot come because his wife organized a surprise trekking holiday in the Cévennes National Park with their daughter and a donkey to carry their load, Antoinette decides to follow their track, by herself, with Patrick, a protective donkey.",9.361,97,0,2020-09-16,6.465,297,"Belgium, France",,0,Beatrice Loayza,"‘My Donkey, My Lover & I’ Review: Three’s a Crowd","In this idiosyncratic comedy from France, a besotted schoolteacher crashes her married lover’s hiking trip and befriends a deeply opinionated donkey.",2022-07-21,2022-07-22,2022-07-21 11:01:07,article,https://www.nytimes.com/2022/07/21/movies/my-donkey-my-lover-i-review.html,"Read the New York Times Review of My Donkey, My Lover & I",mediumThreeByTwo210,https://static01.nyt.com/images/2022/07/21/lens/21-cul-my-ass-2/merlin_210037230_9f54ab49-8dfa-4fbb-8b3d-53b195da5e5d-mediumThreeByTwo440.jpg,140.0,210.0,
Thor: Love and Thunder,Thor: Love and Thunder,250000000,"Fantasy, Action, Comedy",en,English,https://www.marvel.com/movies/thor-love-and-thunder,"After his retirement is interrupted by Gorr the God Butcher, a galactic killer who seeks the extinction of the gods, Thor Odinson enlists the help of King Valkyrie, Korg, and ex-girlfriend Jane Foster, who now wields Mjolnir as the Mighty Thor. Together they embark upon a harrowing cosmic adventure to uncover the mystery of the God Butcher’s vengeance and stop him before it’s too late.",190.446,119,760928081,2022-07-06,6.536,6328,United States of America,PG-13,0,Manohla Dargis,‘Thor: Love and Thunder’ Review: A God’s Comic Twilight,"The director Taika Waititi injects antic silliness, once again, into this Marvel franchise starring Chris Hemsworth, who swings a mighty hammer and flexes mightier muscles.",2022-07-07,2022-07-08,2022-07-07 18:27:03,article,https://www.nytimes.com/2022/07/07/movies/thor-love-and-thunder-review.html,Read the New York Times Review of Thor: Love and Thunder,mediumThreeByTwo210,https://static01.nyt.com/images/2022/07/08/arts/08wkd-ttd-Thor/08wkd-ttd-Thor-mediumThreeByTwo440.jpg,140.0,210.0,
Anaïs in Love,Les Amours d’Anaïs,0,"Drama, Romance, Comedy",fr,French,,"Anaïs is thirty and broke. She has a lover, but she’s not sure she loves him anymore. She meets Daniel, who immediately falls for her. But Daniel lives with Émilie – whom Anaïs also falls for.",8.428,98,0,2021-09-15,6.358,106,France,,1,Manohla Dargis,‘Anaïs in Love’ Review: Portrait of a Woman on the Run,"A restless woman discovers herself in a seductive French romance that throws out the usual dusty script about women, desire and pleasure.",2022-04-28,2022-04-29,2022-04-28 16:19:06,article,https://www.nytimes.com/2022/04/28/movies/anais-in-love-review.html,Read the New York Times Review of Anaïs in Love,mediumThreeByTwo210,https://static01.nyt.com/images/2022/04/28/arts/28anais-review1/merlin_205816881_ce240c0b-7256-4dfb-9a2c-47c10e13d8d4-mediumThreeByTwo440.jpg,140.0,210.0,
I Love America,I Love America,0,"Comedy, Romance",fr,French,,"A single woman who decides to take a chance on love again by catapulting her life from Paris to Los Angeles. From awkward dates to touching surprise encounters, she understands the journey to love is a journey towards herself.",10.698,102,0,2022-03-11,5.217,69,United States of America,,0,Nicolas Rapold,‘I Love America’ Review: The Gauche Rituals of Modern Romance,The determinedly uplifting comedy follows a 50-year-old French filmmaker as she dates in Los Angeles.,2022-04-28,2022-04-29,2022-04-28 11:06:16,article,https://www.nytimes.com/2022/04/28/movies/i-love-america-review.html,Read the New York Times Review of I Love America,mediumThreeByTwo210,https://static01.nyt.com/images/2022/04/28/arts/28love-america1/28love-america1-mediumThreeByTwo440.jpg,140.0,210.0,
Book of Love,Book of Love,0,"Comedy, Romance",en,"Spanish, English",,"Henry, an English writer who has written a new book that has become a failure in the U.K, gets notified that the dull book has been highly trending over in Mexico. Little does he know that Maria, a Spanish translator, turned the book into an erotic novel. Henry and Maria then swerve around Mexico to do a book tour and go through a wind of events.",12.764,106,0,2022-01-06,5.635,101,"Mexico, United Kingdom",,0,Natalia Winkelman,‘Book of Love’ Review: Lust (Eventually) in Translation,"Unbeknown to the author of an uninspired romance novel, the book takes a sharp turn into erotic territory in its Spanish-language release.",2022-02-04,2022-02-04,2022-02-04 05:06:12,article,https://www.nytimes.com/2022/02/04/movies/book-of-love-review.html,Read the New York Times Review of Book of Love,mediumThreeByTwo210,https://static01.nyt.com/images/2022/02/04/arts/04book-of-love-pix/merlin_201058209_bc82917e-b2ed-4de4-a61e-592539574f8a-mediumThreeByTwo440.jpg,140.0,210.0,
Love Hard,Love Hard,0,"Comedy, Romance",en,English,https://www.netflix.com/title/81086631,"An LA girl, unlucky in love, falls for an East Coast guy on a dating app and decides to surprise him for Christmas, only to discover that she's been catfished. But the object of her affection actually lives in the same town, and the guy who duped her offers to set them up if she pretends to be his own girlfriend for the holidays.",16.529,105,0,2021-11-05,7.0,1316,United States of America,,0,Concepción de León,"‘Love Hard’ Review: Seeking Connection, Not Perfection","When a perennially single journalist travels across the country to meet her dream guy, she finds she’s been catfished.",2021-11-05,2021-11-05,2021-11-05 07:02:03,article,https://www.nytimes.com/2021/11/05/movies/love-hard-review.html,Read the New York Times Review of Love Hard,mediumThreeByTwo210,https://static01.nyt.com/images/2021/11/03/arts/lovehard1/lovehard1-mediumThreeByTwo440.jpg,140.0,210.0,
Hard Luck Love Song,Hard Luck Love Song,0,"Romance, Music, Drama, Thriller",en,"English, Spanish",http://HardLuckLoveSong.com,"Jesse, a charismatic but down on his luck troubadour, finds himself at an existential crossroads as bad choices catch up with him during an unexpected reunion with Carla, an old flame.",3.193,104,0,2021-10-15,5.0,8,United States of America,R,0,Glenn Kenny,‘Hard Luck Love Song’ Review: A Glossy Take on a Gritty Tune,"Drawn from the plotline of a Todd Snider song, the film follows a pool shark and an escort, taking twists that are both violent and silly.",2021-10-14,2021-10-15,2021-10-14 12:28:03,article,https://www.nytimes.com/2021/10/14/movies/hard-luck-love-song-review.html,Read the New York Times Review of Hard Luck Love Song,mediumThreeByTwo210,https://static01.nyt.com/images/2021/10/14/arts/14hard-luck-review/merlin_195864411_fa0620b9-3070-4301-be89-7ebf7a4b1d26-mediumThreeByTwo440.jpg,140.0,210.0,
Happier Than Ever: A Love Letter to Los Angeles,Happier Than Ever: A Love Letter to Los Angeles,0,"Music, Documentary",en,English,https://www.disneyplus.com/movies/happier-than-ever-a-love-letter-to-los-angeles/21VAuvZk4Ssk,"Fresh off the heels of her brand-new album, ""Happier Than Ever,"" this cinematic concert experience features an intimate performance of every song in the album's sequential order – for the first and only time – from the stage of the legendary Hollywood Bowl.",10.092,65,0,2021-09-03,7.936,110,United States of America,,0,Teo Bugbee,‘Happier Than Ever’ Review: Modern Pop Meets Classic Hollywood,"In the Disney+ concert film “Happier Than Ever: A Love Letter to Los Angeles,” the pop star Billie Eilish pays tribute to the star-struck hauntedness of that city.",2021-09-02,2021-09-03,2021-09-02 11:07:03,article,https://www.nytimes.com/2021/09/02/movies/happier-than-ever-review.html,Read the New York Times Review of Happier Than Ever: A Love Letter to Los Angeles,mediumThreeByTwo210,https://static01.nyt.com/images/2021/09/03/arts/happier1/happier1-mediumThreeByTwo440.jpg,140.0,210.0,
Resort to Love,Resort to Love,0,"Romance, Comedy",en,English,https://www.netflix.com/title/81076586,Aspiring pop star Erica ends up as the entertainment at her ex-fiancé’s wedding after reluctantly taking a gig at a luxurious island resort while in the wake of a music career meltdown.,15.88,101,0,2021-07-29,7.244,373,United States of America,TV-PG,0,Concepción de León,‘Resort to Love’ Review: A Struggling Singer in Paradise,"In this romantic comedy, a woman reeling from a failed engagement and a flailing career escapes to a glamorous island resort.",2021-07-29,2021-07-29,2021-07-29 11:05:02,article,https://www.nytimes.com/2021/07/29/movies/resort-to-love-review.html,Read the New York Times Review of Resort to Love,mediumThreeByTwo210,https://static01.nyt.com/images/2021/07/31/arts/resort1/resort1-mediumThreeByTwo440.jpg,140.0,210.0,
The Last Letter from Your Lover,The Last Letter from Your Lover,0,"Drama, Romance",en,"English, French",https://www.blueprintpictures.com/#/the-last-letter-from-your-lover/,A young journalist in London becomes obsessed with a series of letters she discovers that recounts an intense star-crossed love affair from the 1960s.,21.868,110,1451974,2021-07-23,7.505,508,"Canada, United Kingdom",TV-MA,0,Beatrice Loayza,‘The Last Letter From Your Lover’ Review: Relationship History,Shailene Woodley and Felicity Jones star as two women living in different eras struggling to uncover the truth behind a series of passionate love letters.,2021-07-22,2021-07-23,2021-07-22 11:07:04,article,https://www.nytimes.com/2021/07/22/movies/the-last-letter-from-your-lover-review.html,Read the New York Times Review of The Last Letter from Your Lover,mediumThreeByTwo210,https://static01.nyt.com/images/2021/07/23/arts/22last-letter-art/22last-letter-art-mediumThreeByTwo440.jpg,140.0,210.0,
"Summer of Soul (...Or, When the Revolution Could Not Be Televised)","Summer of Soul (...Or, When the Revolution Could Not Be Televised)",0,"Documentary, Music, History",en,English,https://www.searchlightpictures.com/summerofsoul/,"During the same summer as Woodstock, over 300,000 people attended the Harlem Cultural Festival, celebrating African American music and culture, and promoting Black pride and unity. The footage from the festival sat in a basement, unseen for over 50 years, keeping this incredible event in America's history lost — until now.",10.36,117,37000000,2021-07-02,7.633,154,United States of America,PG-13,1,Wesley Morris,"‘Summer of Soul’ Review: In 1969 Harlem, a Music Festival Stuns","Stevie Wonder, Mahalia Jackson, Mavis Staples and others shine in a documentary about the Harlem Cultural Festival from Questlove.",2021-06-24,2021-07-02,2021-06-24 19:53:03,article,https://www.nytimes.com/2021/06/24/movies/summer-of-soul-review.html,"Read the New York Times Review of Summer of Soul (...Or, When the Revolution Could Not Be Televised)",mediumThreeByTwo210,https://static01.nyt.com/images/2021/06/25/arts/24summerofsoul2/24summerofsoul2-mediumThreeByTwo440.jpg,140.0,210.0,
The Killing of Two Lovers,The Killing of Two Lovers,0,"Drama, Thriller",en,English,https://neonrated.com/films/the-killing-of-two-lovers,David desperately tries to keep his family of six together during a separation from his wife. They both agree to see other people but David struggles to grapple with his wife’s new relationship.,10.161,84,0,2021-02-23,6.436,70,United States of America,R,1,Nicolas Rapold,‘The Killing of Two Lovers’ Review: What Lies Beneath,Under the veneer of an unusual marriage is an uncontrollable undercurrent to which everyone is susceptible.,2021-05-13,2021-05-14,2021-05-13 15:41:13,article,https://www.nytimes.com/2021/05/13/movies/the-killing-of-two-lovers-review.html,Read the New York Times Review of The Killing of Two Lovers,mediumThreeByTwo210,https://static01.nyt.com/images/2021/05/14/arts/13killing-of-two-lovers-pix/merlin_187492188_264fcec7-dbef-46c5-b8d2-4f36fac6ce48-mediumThreeByTwo440.jpg,140.0,210.0,
Sylvie's Love,Sylvie's Love,0,"Romance, Drama",en,English,https://www.amazon.com/dp/B08L49K11S,"When a young woman meets an aspiring saxophonist in her father’s record shop in 1950s Harlem, their love ignites a sweeping romance that transcends changing times, geography, and professional success.",8.55,114,0,2020-01-27,6.335,79,United States of America,M,1,Manohla Dargis,"‘Sylvie’s Love’ Review: In the Mood for Romance, Sighs and Tears",Tessa Thompson and Nnamdi Asomugha star in a swoony love story that wonderfully rethinks the classic Hollywood melodrama.,2020-12-22,2020-12-23,2020-12-22 19:18:02,article,https://www.nytimes.com/2020/12/22/movies/sylvies-love-review.html,Read the New York Times Review of Sylvie's Love,mediumThreeByTwo210,https://static01.nyt.com/images/2020/12/22/arts/22sylvie-2/22sylvie-2-mediumThreeByTwo440-v3.jpg,140.0,210.0,
Love and Monsters,Love and Monsters,30000000,"Comedy, Action, Adventure, Fantasy",en,English,https://www.paramountmovies.com/movies/love-and-monsters,"Seven years since the Monsterpocalypse began, Joel Dawson has been living underground in order to survive. But after reconnecting over radio with his high school girlfriend Aimee, Joel decides to venture out to reunite with her, despite all the dangerous monsters that stand in his way.",50.453,109,1122066,2020-10-16,7.338,3598,United States of America,PG-13,0,Lovia Gyarkye,‘Love and Monsters’ Review: Coming-of-Age After the Apocalypse,The new sci-fi adventure from Michael Matthews lacks the self-seriousness of typical dystopian flicks but doesn’t completely lack depth.,2020-10-15,2020-10-16,2020-10-30 16:44:01,article,https://www.nytimes.com/2020/10/15/movies/love-and-monsters-review.html,Read the New York Times Review of Love and Monsters,mediumThreeByTwo210,https://static01.nyt.com/images/2020/10/15/arts/15loveandmonsters-art/15loveandmonsters-art-mediumThreeByTwo210.jpg,140.0,210.0,
"Love, Guaranteed","Love, Guaranteed",0,"Romance, Comedy",en,English,https://www.netflix.com/title/81076898,A lawyer takes on a new client that wants to sue a dating website because it guarantees love.,13.295,91,0,2020-09-02,6.413,596,United States of America,,0,Natalia Winkelman,"‘Love, Guaranteed’ Review: Swiping Left on Online Dating",Rachael Leigh Cook stars in this rom-com about a lawyer and her charming new client who wants to sue a dating website for falsely promising love.,2020-09-03,2020-09-03,2020-09-03 07:06:02,article,https://www.nytimes.com/2020/09/03/movies/love-guaranteed-review-swiping-left-on-online-dating.html,"Read the New York Times Review of Love, Guaranteed",mediumThreeByTwo210,https://static01.nyt.com/images/2020/09/02/arts/love1/love1-mediumThreeByTwo440.jpg,140.0,210.0,
The Lovebirds,The Lovebirds,0,"Comedy, Action, Romance",en,English,https://www.netflix.com/title/81248748,"A couple experiences a defining moment in their relationship when they are unintentionally embroiled in a murder mystery. As their journey to clear their names takes them from one extreme – and hilarious - circumstance to the next, they must figure out how they, and their relationship, can survive the night.",9.257,87,0,2020-05-22,6.131,628,United States of America,R,0,A.O. Scott,‘The Lovebirds’ Review: It’s a Turkey,"In spite of the talents of Issa Rae and Kumail Nanjiani, this rom-com caper never takes flight.",2020-05-20,2020-05-22,2020-05-20 19:16:03,article,https://www.nytimes.com/2020/05/20/movies/the-lovebirds-review.html,Read the New York Times Review of The Lovebirds,mediumThreeByTwo210,https://static01.nyt.com/images/2020/05/22/arts/20LOVEBIRDS-REVIEW/merlin_172536900_a33222cf-c923-41ed-8f6a-7bdccb3ae433-mediumThreeByTwo210.jpg,140.0,210.0,
A Secret Love,A Secret Love,0,Documentary,en,English,https://www.netflix.com/title/80209024,"Amid shifting times, two women kept their decades-long love a secret. But coming out later in life comes with its own set of challenges.",9.041,83,0,2020-04-29,7.275,109,United States of America,,0,Natalia Winkelman,‘A Secret Love’ Review: A Lesbian Couple’s Enduring Affection,"This tender film explores the partnership between two women who lived, in public and to kin, as dear friends for six decades.",2020-04-29,2020-04-29,2020-04-29 07:06:03,article,https://www.nytimes.com/2020/04/29/movies/a-secret-love-review.html,Read the New York Times Review of A Secret Love,mediumThreeByTwo210,https://static01.nyt.com/images/2020/04/27/arts/secret01/secret01-mediumThreeByTwo210.jpg,140.0,210.0,
Ordinary Love,Ordinary Love,0,"Drama, Romance",en,English,https://bleeckerstreetmedia.com/ordinary-love-film,An extraordinary look at the lives of a middle-aged couple in the midst of the wife's breast cancer diagnosis.,10.285,92,0,2019-12-06,6.784,116,"Ireland, United Kingdom",R,0,A.O. Scott,‘Ordinary Love’ Review: In Sickness and in Health,Lesley Manville and Liam Neeson play a married couple facing a cancer diagnosis.,2020-02-12,2020-02-14,2020-03-12 16:44:01,article,https://www.nytimes.com/2020/02/12/movies/ordinary-love-review.html,Read the New York Times Review of Ordinary Love,mediumThreeByTwo210,https://static01.nyt.com/images/2020/02/12/arts/12ordinarylove1/12ordinarylove1-mediumThreeByTwo210.jpg,140.0,210.0,
To All the Boys: P.S. I Still Love You,To All the Boys: P.S. I Still Love You,0,"Romance, Comedy",en,English,https://www.netflix.com/title/81030842,Lara Jean and Peter have just taken their romance from pretend to officially real when another recipient of one of her love letters enters the picture.,29.605,102,0,2020-02-12,6.874,2391,United States of America,,0,Amy Nicholson,"‘To All the Boys: P.S. I Still Love You’ Review: Bliss, for Now",The second installment in Netflix’s ’80s-style teen romance trilogy asks the question John Hughes left unanswered.,2020-02-11,2020-02-12,2020-02-11 18:38:02,article,https://www.nytimes.com/2020/02/11/movies/to-all-the-boys-ps-i-still-love-you-review.html,Read the New York Times Review of To All the Boys: P.S. I Still Love You,mediumThreeByTwo210,https://static01.nyt.com/images/2020/02/10/arts/toall1/toall1-mediumThreeByTwo210.jpg,140.0,210.0,
The Woman Who Loves Giraffes,The Woman Who Loves Giraffes,0,Documentary,en,,,"Dr. Anne Innis Dagg re-traces the steps of her groundbreaking 1956 journey to South Africa to study giraffes in the wild. Now, at 85 years old, Anne sees a startling contrast between the world of giraffes she once knew and the one it has become. Weaving through the past and present, her harrowing journey gives us an intimate look into the factors that destroyed her career and the forces that brought her back.",2.707,81,0,2018-10-03,7.0,12,"Canada, South Africa, United States of America",,0,Jeannette Catsoulis,‘The Woman Who Loves Giraffes’ Review: Crackers for Animals,"This warm documentary uses one woman’s singular passion to fuel a tale of zoological discovery, blatant sexism and environmental alarm.",2020-01-09,2020-01-10,2020-01-31 17:44:01,article,https://www.nytimes.com/2020/01/09/movies/the-woman-who-loves-giraffes-review.html,Read the New York Times Review of The Woman Who Loves Giraffes,mediumThreeByTwo210,https://static01.nyt.com/images/2020/01/10/arts/giraffes1/giraffes1-mediumThreeByTwo210.jpg,140.0,210.0,
"Cyrano, My Love",Edmond,0,"Comedy, History",fr,"French, Russian",http://roadsideattractions.com/filmography/cyranomylove,"Paris, France, December 1897. The young playwright Edmond Rostand feels like a failure. Inspiration has abandoned him. Married and father of two children, desperate and penniless, he persuades the great actor Constant Coquelin to perform the main role in his new play. But there is a problem: Coquelin wants to premiere it at Christmas and Edmond has not written a single word.",9.282,113,0,2018-11-10,7.543,442,"Belgium, France",R,0,JEANNETTE CATSOULIS,"‘Cyrano, My Love’ Review: A Nose for Romance",This superficial take on the writing and initial staging of “Cyrano de Bergerac” is a whirlwind of soapy declarations and backstage chaos.,2019-10-17,2019-10-18,2019-10-17 13:54:02,article,https://www.nytimes.com/2019/10/17/movies/cyrano-my-love-review.html,"Read the New York Times Review of Cyrano, My Love",mediumThreeByTwo210,https://static01.nyt.com/images/2019/10/18/arts/cyranomylove1/cyranomylove1-mediumThreeByTwo210.jpg,140.0,210.0,
First Love,First Love,0,"Romance, Drama",en,English,,"A young man’s difficult entry into adulthood, who experiences the highs and lows of his first love, while dealing with the familial fallout spurred by the financial crisis of 2008.",19.257,95,0,2022-06-17,5.655,103,United States of America,,1,GLENN KENNY,‘First Love’ Review: Eluding Assassins With the Help of a Boxer,The prolific director Takashi Miike delivers an unusually satisfying Japanese genre romp.,2019-09-26,2019-09-27,2019-10-25 16:44:02,article,https://www.nytimes.com/2019/09/26/movies/first-love-review.html,Read the New York Times Review of First Love,mediumThreeByTwo210,https://static01.nyt.com/images/2019/09/27/arts/26firstlove/26firstlove-mediumThreeByTwo210.jpg,140.0,210.0,
The Golden Glove,Der Goldene Handschuh,0,"Drama, Thriller, Crime",de,"German, Greek, Italian",,A serial killer strikes fear in the hearts of residents of Hamburg during the early 1970s.,10.281,110,0,2019-02-21,6.963,415,"France, Germany",Not Rated,0,BEN KENIGSBERG,"‘The Golden Glove’ Review: Honka, Portrait of a Serial Killer","The movie, directed by Fatih Akin, ups the ante for grossness.",2019-09-26,2019-09-27,2019-10-04 16:44:01,article,https://www.nytimes.com/2019/09/26/movies/the-golden-glove-review.html,Read the New York Times Review of The Golden Glove,mediumThreeByTwo210,https://static01.nyt.com/images/2019/09/26/arts/26goldenglove/26goldenglove-mediumThreeByTwo210.jpg,140.0,210.0,
Always in Season,Always in Season,0,Documentary,en,English,https://www.alwaysinseasonfilm.com,"When 17-year-old Lennon Lacy is found hanging from a swing set in rural North Carolina in 2014, his mother's search for justice and reconciliation begins while the trauma of more than a century of lynching African Americans bleeds into the present.",1.123,89,0,2019-01-26,6.8,4,United States of America,,0,BEN KENIGSBERG,‘Always in Season’ Review: Lynching Is Not Just Part of America’s Past,"Jacqueline Olive, who directed the documentary, makes a powerful case that such murders can and do happen today.",2019-09-19,2019-09-20,2019-10-04 16:44:01,article,https://www.nytimes.com/2019/09/19/movies/always-in-season-review.html,Read the New York Times Review of Always in Season,mediumThreeByTwo210,https://static01.nyt.com/images/2019/09/18/arts/00alwaysin-art/00alwaysin-art-mediumThreeByTwo210.jpg,140.0,210.0,
Falling Inn Love,Falling Inn Love,0,"Romance, Comedy",en,English,https://www.netflix.com/title/80999781,"When a San Francisco exec wins a New Zealand inn, she ditches city life to remodel and flip the rustic property with help from a handsome contractor.",16.267,98,0,2019-08-29,6.52,1085,United States of America,TV-PG,0,HELEN T. VERONGOS,‘Falling Inn Love’ Review: A Prize That Needs Some Work,"It’s hard to find a reliable, talented, reasonably priced, eco-friendly contractor these days.",2019-08-29,2019-08-29,2019-08-29 15:02:02,article,https://www.nytimes.com/2019/08/29/movies/falling-inn-love-review.html,Read the New York Times Review of Falling Inn Love,mediumThreeByTwo210,https://static01.nyt.com/images/2019/08/30/arts/00FALLING-INN-LOVE/00FALLING-INN-LOVE-mediumThreeByTwo210.jpg,140.0,210.0,
"Love, Antosha","Love, Antosha",0,Documentary,en,"Russian, English",https://antonyelchindoc.com/,"From a prolific career in film and television, Anton Yelchin left an indelible legacy as an actor. Through his journals and other writings, his photography, the original music he wrote, and interviews with his family, friends, and colleagues, this film looks not just at Anton's impressive career, but at a broader portrait of the man.",7.378,92,0,2019-08-02,7.365,48,United States of America,R,1,GLENN KENNY,"‘Love, Antosha’ Review: A Heartbreaking Look at an Actor’s Too-Short Life","Anton Yelchin, who played Chekov in the J.J. Abrams-produced “Star Trek” films, assembled an eclectic filmography before his death at 27 in 2016.",2019-08-08,2019-08-02,2019-08-16 16:44:02,article,https://www.nytimes.com/2019/08/08/movies/love-anthosa-review.html,"Read the New York Times Review of Love, Antosha",mediumThreeByTwo210,https://static01.nyt.com/images/2019/08/08/arts/08loveantosha/merlin_158822364_63a35885-75b9-4efb-8f54-83cd890aada9-mediumThreeByTwo210.jpg,140.0,210.0,
The Lion King,The Lion King,45000000,"Family, Animation, Drama",en,English,http://movies.disney.com/the-lion-king,"A young lion prince is cast out of his pride by his cruel uncle, who claims he killed his father. While the uncle rules with an iron paw, the prince grows up beyond the Savannah, living by a philosophy: No worries for the rest of your days. But when his past comes to haunt him, the young prince must decide his fate: Will he remain an outcast or face his demons and become what he needs to be?",132.318,89,763455561,1994-06-24,8.257,16824,United States of America,PG,0,A.O. SCOTT,‘The Lion King’ Review: The Art of Herding Digital Cats,"Beyoncé, Donald Glover and Seth Rogen are some of the famous voices in a super-realistic version of the Disney and Broadway favorite.",2019-07-11,2019-07-19,2019-08-11 16:44:01,article,https://www.nytimes.com/2019/07/11/movies/the-lion-king-review.html,Read the New York Times Review of The Lion King,mediumThreeByTwo210,https://static01.nyt.com/images/2019/07/11/arts/11lionking1/11lionking1-mediumThreeByTwo210.jpg,140.0,210.0,
Guava Island,Guava Island,0,"Comedy, Thriller, Music",en,English,https://www.amazon.com/dp/B07QH2V6GT/,"Deni Maroon, a musician and dock worker is determined to pull off a music festival against the interests of the local factory owner.",9.725,55,0,2019-04-13,6.724,297,"Cuba, United States of America",TV-MA,0,JASON BAILEY,‘Guava Island’ Review: Donald Glover’s Island Getaway Is a Casual Charmer,"The star, along with Rihanna and his “Atlanta” collaborators, crafts a freewheeling paean to the pleasures of taking it easy.",2019-04-13,2019-04-13,2019-04-14 15:52:02,article,https://www.nytimes.com/2019/04/13/movies/guava-island-review-donald-glover.html,Read the New York Times Review of Guava Island,mediumThreeByTwo210,https://static01.nyt.com/images/2019/04/13/us/13guava-island-review-1/merlin_153476334_9309a9d6-1a6f-47a3-9b17-133a38b3cb26-mediumThreeByTwo210.jpg,140.0,210.0,
The Legend of Cocaine Island,The Legend of Cocaine Island,0,Documentary,en,English,https://www.netflix.com/title/80999977,"Rodney is an American dreamer. His glass is not only half full, but it's half full of the finest wine you've ever tasted. But when the great recession wipes out his construction business in Central Florida, his family faces a nightmare of debt. One evening around a campfire, Rodney hears a story from an old, bare-footed hippy that just might solve his family's problems. There's an island. There's a map. And there's buried treasure...$2 million dollars just waiting for someone to dig it up. Rodney is hooked. But there's just one slight, itty-bitty problem...he doesn't have a shovel. Oh, and the $2 million dollars just happens to be in cocaine form.",3.034,83,0,2018-04-20,6.0,10,United States of America,TV-MA,0,ELISABETH VINCENTELLI,‘The Legend of Cocaine Island’ Review: Florida Man’s Silly Odyssey,A harebrained scheme ends in comic confusion in Theo Love’s goofy documentary.,2019-03-29,2019-03-29,2019-03-29 12:04:03,article,https://www.nytimes.com/2019/03/29/movies/the-legend-of-cocaine-island-review.html,Read the New York Times Review of The Legend of Cocaine Island,mediumThreeByTwo210,https://static01.nyt.com/images/2019/03/28/arts/legend1/legend1-mediumThreeByTwo210.jpg,140.0,210.0,
"Berlin, I Love You","Berlin, I Love You",0,Drama,en,"English, German",,An anthology feature of 10 stories of romance set in the German capital.,8.843,120,0,2019-02-08,4.718,71,Germany,R,0,GLENN KENNY,"‘Berlin, I Love You’ Review: Many Stories, Not Much Feeling","The once-divided nature of Berlin isn’t given much consideration in this film, part of the Cities of Love series.",2019-02-07,2019-02-08,2019-02-15 17:44:01,article,https://www.nytimes.com/2019/02/07/movies/berlin-i-love-you-review.html,"Read the New York Times Review of Berlin, I Love You",mediumThreeByTwo210,https://static01.nyt.com/images/2019/02/08/arts/08berlin1/08berlin1-mediumThreeByTwo210.jpg,140.0,210.0,
The Clovehitch Killer,The Clovehitch Killer,0,"Drama, Mystery, Crime",en,English,http://www.ifcfilms.com/films/the-clovehitch-killer,A picture-perfect family is torn apart after Tyler finds a cache of disturbing images in his father's possession. He begins to suspect that the man he trusts most in the world may be responsible for the murder of 13 women ten years prior.,14.859,109,0,2018-11-16,6.429,592,United States of America,,0,JEANNETTE CATSOULIS,‘The Clovehitch Killer’ Review: Unsolved Murders Haunt a Small Town,"Favoring atmosphere over action, this slow-burning thriller follows the search for a serial killer in a Kentucky town.",2018-11-15,2018-11-16,2018-11-22 17:44:01,article,https://www.nytimes.com/2018/11/15/movies/the-clovehitch-killer-review.html,Read the New York Times Review of The Clovehitch Killer,mediumThreeByTwo210,https://static01.nyt.com/images/2018/11/13/arts/clovehitch1/clovehitch1-mediumThreeByTwo210.jpg,140.0,210.0,
They'll Love Me When I'm Dead,They'll Love Me When I'm Dead,0,Documentary,en,"English, Croatian, French",https://www.netflix.com/title/80124722,"As his life comes to its end, famous Hollywood director Orson Welles puts it all on the line at the chance for renewed success with the film The Other Side of the Wind.",6.017,98,0,2018-08-31,7.188,120,United States of America,,0,MANOHLA DARGIS,Review: ‘They’ll Love Me When I’m Dead’ Documents Orson Welles’s Last Film,Morgan Neville’s movie tells the tumultuous behind-the-scenes story of the making and near-unmaking of “The Other Side of the Wind.”,2018-11-01,2018-11-02,2018-11-09 17:44:02,article,https://www.nytimes.com/2018/11/01/movies/theyll-love-me-when-im-dead-review-documentary.html,Read the New York Times Review of They'll Love Me When I'm Dead,mediumThreeByTwo210,https://static01.nyt.com/images/2018/11/02/arts/02theyllloveme-1/02theyllloveme-1-mediumThreeByTwo210.jpg,140.0,210.0,
"Love, Gilda","Love, Gilda",0,Documentary,en,English,http://lovegilda.com/,"Diaries, audiotapes, videotapes and testimonies from friends and colleagues offer insight into the life and career of Gilda Radner -- the beloved comic and actress who became an icon on Saturday Night Live.",4.723,84,0,2018-04-18,7.2,40,,,0,JASON ZINOMAN,"Review: In ‘Love, Gilda,’ a Portrait of a Brief and Brilliant Career","Adding to the booming genre of comedian documentaries, this film is an affectionate portrait of one of the first major stars of “Saturday Night Live.”",2018-09-20,2018-09-21,2018-10-19 16:44:01,article,https://www.nytimes.com/2018/09/20/movies/love-gilda-review-saturday-night-live-documentary.html,"Read the New York Times Review of Love, Gilda",mediumThreeByTwo210,https://static01.nyt.com/images/2018/09/21/arts/21lovegilda1/lovegilda1-mediumThreeByTwo210.jpg,140.0,210.0,
"Love, Cecil","Love, Cecil",0,Documentary,en,English,,"A documentary about Academy Award-winning costume designer Cecil Beaton. A respected photographer, artist, and set designer, Beaton was best known for designing on award-winning films such as 'Gigi' (1958) and 'My Fair Lady' (1964). The film features archive footage and interviews with a number of models, artists, and filmmakers who worked closely with Beaton during his illustrious career.",1.361,98,0,2017-12-01,6.417,12,United States of America,,0,GLENN KENNY,"Review: In ‘Love, Cecil,’ an Aesthete Ahead of His Time","Lisa Immordino Vreeland’s new documentary is about Cecil Beaton, the British dandy, photographer and theatrical designer.",2018-06-28,2018-06-29,2018-07-28 16:44:02,article,https://www.nytimes.com/2018/06/28/movies/love-cecil-beaton-documentary-review.html,"Read the New York Times Review of Love, Cecil",mediumThreeByTwo210,https://static01.nyt.com/images/2018/06/29/arts/29lovececil/merlin_140124837_c3d0fc14-7d85-4e66-859b-4168a7a4c1b9-mediumThreeByTwo210.jpg,140.0,210.0,
Love After Love,Love After Love,0,Drama,en,English,,A sixty-something mother and her two adult sons cope and move onward following the death of their larger-than-life father/husband.,2.888,93,0,2018-03-30,5.605,19,United States of America,,1,JEANNETTE CATSOULIS,"Review: In ‘Love After Love,’ an Unflinching Look at Extended Grief",Russ Harbaugh’s debut feature delivers something rarely seen in American movies: a warts-and-all examination of extended grief.,2018-03-29,2018-03-30,2018-04-27 16:44:02,article,https://www.nytimes.com/2018/03/29/movies/love-after-love-review.html,Read the New York Times Review of Love After Love,mediumThreeByTwo210,https://static01.nyt.com/images/2018/03/30/arts/30love1/merlin_135773490_42734cf4-6ad9-4642-8238-b24fc85e7386-mediumThreeByTwo210.jpg,140.0,210.0,
"Love, Simon","Love, Simon",17000000,"Comedy, Drama, Romance",en,English,https://LoveSimonMovie.com,Everyone deserves a great love story. But for seventeen-year old Simon Spier it's a little more complicated: he's yet to tell his family or friends he's gay and he doesn't know the identity of the anonymous classmate he's fallen for online.,21.517,110,66316289,2018-02-16,8.045,5711,United States of America,PG-13,0,GLENN KENNY,"Review: In ‘Love, Simon,’ a Glossy Teen Romance, the Hero Has a Secret","This comedy set in a particularly idyllic Atlanta suburb has a gay love story, a blackmailing weasel and surprising emotional resonance.",2018-03-15,2018-03-16,2018-04-15 16:44:01,article,https://www.nytimes.com/2018/03/15/movies/love-simon-review.html,"Read the New York Times Review of Love, Simon",mediumThreeByTwo210,https://static01.nyt.com/images/2018/03/16/movies/16lovesimon1/merlin_135108750_0e9e6006-f6a5-49d2-9644-27141ea29e98-mediumThreeByTwo210.jpg,140.0,210.0,
Lover for a Day,L'Amant d'un jour,0,Drama,fr,French,,"After a bad breakup, the only place 23-year-old Jeanne has to stay in Paris is the flat of her father. But when Jeanne arrives, she finds that his new girlfriend has moved in too: Arianne, a young woman her own age. Each is looking for their own kind of love in a city filled with possibilities.",5.07,76,23692,2017-05-31,6.2,71,France,,0,MANOHLA DARGIS,Review: A Man and a Woman (and Another Woman) in ‘Lover for a Day’,"In Philippe Garrel’s drama, a 23-year-old woman moves in with her father and his 23-year-old girlfriend. Complications ensue.",2018-01-11,2018-01-12,2018-02-11 17:44:01,article,https://www.nytimes.com/2018/01/11/movies/lover-for-a-day-review-philippe-garrel.html,Read the New York Times Review of Lover for a Day,mediumThreeByTwo210,https://static01.nyt.com/images/2018/01/12/arts/12loverforaday-p1/12loverforaday-1515676500382-mediumThreeByTwo210.jpg,140.0,210.0,
Killing for Love,Das Versprechen,300000,"Crime, Documentary",de,"English, German",http://promise-movie.com/the-movie/,"Derek and Nancy Haysom were brutally murdered in their house in Lynchburg, Virginia, on March 30, 1985. Suspicion fell on their daughter Elizabeth and her boyfriend Jens Söring. They flee to Europe, but are caught and extradited to the U.S. Elizabeth is sentenced to 90 years in jail for incitement to murder, Jens Söring to two life sentences. Karin Steinberger, Marcus Vetter and their team spent over three years researching this case, which achieved world-wide notoriety. They uncovered new evidence, including the fact none of the blood samples found at the scene of the crime belonged to Jens Söring.",2.698,131,0,2016-10-27,6.3,39,"Sweden, Germany, United Kingdom, Netherlands, Denmark",,0,BEN KENIGSBERG,Review: ‘Killing for Love’ Revisits a Virginia Murder Case,"The true-crime documentary lays out a persuasive case for reasonable doubt in the case against Jens Soering, who was convicted, along with his girlfriend.",2017-12-14,2017-12-15,2017-12-22 17:44:01,article,https://www.nytimes.com/2017/12/14/movies/killing-for-love-review.html,Read the New York Times Review of Killing for Love,mediumThreeByTwo210,https://static01.nyt.com/images/2017/12/15/movies/15killingforlove2/15killingforlove2-mediumThreeByTwo210.jpg,140.0,210.0,
Love Beats Rhymes,Love Beats Rhymes,0,"Music, Drama",en,English,,"A young woman dreams of making it big in the world of hip hop, but her parents demand that she finish her university degree. She dutifully agrees to complete her education, but her spoken word proves to have a powerful impact in the classroom.",7.373,105,0,2017-12-01,5.682,88,United States of America,R,0,GLENN KENNY,"Review: In ‘Love Beats Rhymes,’ a Hip-Hop Artist Transformed by Poetry","The rap luminary RZA and the hip-hop musician Azealia Banks team up for a story of rap and poetry, “Love Beats Rhymes.”",2017-11-30,2017-12-01,2017-12-08 17:44:01,article,https://www.nytimes.com/2017/11/30/movies/love-beats-rhymes-azealia-banks-rza.html,Read the New York Times Review of Love Beats Rhymes,mediumThreeByTwo210,https://static01.nyt.com/images/2017/12/01/arts/01LOVE-BEATS1/LOVE-BEATS1-mediumThreeByTwo210.jpg,140.0,210.0,
After Love,After Love,0,Drama,en,"English, Arabic, French, Urdu",,"Set in the port town of Dover in the South-East of England, Mary Hussain suddenly finds herself a widow following the unexpected death of her husband. A day after the burial, she discovers he has a secret just twenty-one miles across the English Channel in Calais.",8.255,89,0,2021-06-04,7.32,86,United Kingdom,,0,GLENN KENNY,Review: Staying Together ‘After Love’ and Regretting Every Moment,"A couple break up, but remain together, frustratingly, because of the husband’s financial woes.",2017-08-08,2017-08-09,2017-11-02 04:18:28,article,https://www.nytimes.com/2017/08/08/movies/after-love-review.html,Read the New York Times Review of After Love,mediumThreeByTwo210,https://static01.nyt.com/images/2017/08/09/arts/09AFTERLOVE/09AFTERLOVE-mediumThreeByTwo210.jpg,140.0,210.0,
The Lovers,The Lovers,27000000,"Action, Adventure, Science Fiction, Romance",en,English,,"The Lovers is an epic romance time travel adventure film. Helmed by Roland Joffé from a story by Ajey Jhankar, the film is a sweeping tale of an impossible love set against the backdrop of the first Anglo-Maratha war across two time periods and continents and centred around four characters — a British officer in 18th century colonial India, the Indian woman he falls deeply in love with, an American present-day marine biologist and his wife.",8.462,109,0,2015-02-13,4.75,71,"Australia, Belgium, India",R,0,JEANNETTE CATSOULIS,Review: Can Cheating Save a Marriage? Ask ‘The Lovers’,"Debra Winger and Tracy Letts play a couple whose passions for each other have reignited, to the chagrin of their lovers.",2017-05-04,2017-05-05,2017-11-02 04:18:27,article,https://www.nytimes.com/2017/05/04/movies/the-lovers-review.html,Read the New York Times Review of The Lovers,mediumThreeByTwo210,https://static01.nyt.com/images/2017/05/05/arts/05LOVERS/05LOVERS-mediumThreeByTwo210.jpg,140.0,210.0,
The Lovers,The Lovers,27000000,"Action, Adventure, Science Fiction, Romance",en,English,,"The Lovers is an epic romance time travel adventure film. Helmed by Roland Joffé from a story by Ajey Jhankar, the film is a sweeping tale of an impossible love set against the backdrop of the first Anglo-Maratha war across two time periods and continents and centred around four characters — a British officer in 18th century colonial India, the Indian woman he falls deeply in love with, an American present-day marine biologist and his wife.",8.462,109,0,2015-02-13,4.75,71,"Australia, Belgium, India",R,0,BEN KENIGSBERG,Review: ‘The Lovers’ Portrays Romances Intertwined Across Time,"In this film from Roland Joff&#233;, the fortunes of two rings in 1778 India have a ripple effect on a diving mission hundreds of years later.",2015-03-12,2015-03-13,2017-11-02 04:18:20,article,https://www.nytimes.com/2015/03/13/movies/review-the-lovers-portrays-romances-intertwined-across-time.html,Read the New York Times Review of The Lovers,mediumThreeByTwo210,https://static01.nyt.com/images/2015/03/13/arts/13LOVERS/13LOVERS-mediumThreeByTwo210-v2.jpg,140.0,210.0,
How to Be a Latin Lover,How to Be a Latin Lover,0,Comedy,en,"Spanish, English",,An aging Latin lover gets dumped by his sugar mama and must fend for himself in a harsh world.,23.717,115,26251899,2017-03-06,6.954,570,United States of America,PG-13,0,GLENN KENNY,Review: Eugenio Derbez as Just a Gigolo in ‘How to Be a Latin Lover’,"In this good-natured comedy, the Mexican actor and comedian has been dumped and has to settle for real life.",2017-04-28,2017-04-28,2017-11-02 04:18:27,article,https://www.nytimes.com/2017/04/28/movies/how-to-be-a-latin-lover-review-eugenio-derbez.html,Read the New York Times Review of How to Be a Latin Lover,mediumThreeByTwo210,https://static01.nyt.com/images/2017/04/29/arts/29HOWTOBE/29HOWTOBE-mediumThreeByTwo210.jpg,140.0,210.0,
Harold and Lillian: A Hollywood Love Story,Harold and Lillian: A Hollywood Love Story,0,Documentary,en,English,http://haroldandlillian.com,"Working largely uncredited in the Hollywood system, storyboard artist Harold and film researcher Lillian left an indelible mark on classics by Alfred Hitchcock, Steven Spielberg, Mel Brooks, Stanley Kubrick, Roman Polanski and many more.",1.901,96,0,2017-02-01,6.889,18,United States of America,,1,MONICA CASTILLO,Review: ‘Harold and Lillian’ Introduces a Hollywood Power Couple,"Meet the husband-and-wife team that inspired some of the most memorable moments onscreen, from “The Graduate” to “The Birds.”",2017-04-27,2017-04-28,2017-11-02 04:18:27,article,https://www.nytimes.com/2017/04/27/movies/harold-and-lillian-review.html,Read the New York Times Review of Harold and Lillian: A Hollywood Love Story,mediumThreeByTwo210,https://static01.nyt.com/images/2017/04/28/arts/28harold2/28harold2-mediumThreeByTwo210.jpg,140.0,210.0,
Citizen Jane: Battle for the City,Citizen Jane: Battle for the City,0,Documentary,en,English,http://www.altimeterfilms.com/citizen-jane-battle-for-the-city/,Writer and urban activist Jane Jacobs fights to save historic New York City during the ruthless redevelopment era of urban planner Robert Moses in the 1960s.,2.65,92,0,2017-04-21,7.0,14,United States of America,,0,GLENN KENNY,Review: Jacobs and Moses Star in ‘Citizen Jane: Battle for the City’,Jane Jacobs fought against Robert Moses’ plans to develop Lower Manhattan. This documentary revisits their legendary feud.,2017-04-19,2017-04-21,2017-11-02 04:18:27,article,https://www.nytimes.com/2017/04/19/movies/citizen-jane-battle-for-the-city-review.html,Read the New York Times Review of Citizen Jane: Battle for the City,mediumThreeByTwo210,https://static01.nyt.com/images/2017/04/21/arts/21citizenjane1/21citizenjane1-mediumThreeByTwo210.jpg,140.0,210.0,
Lovesong,Lovesong,0,"Drama, Romance",en,English,http://www.strandreleasing.com/films/lovesong/,"Neglected by her husband, Sarah embarks on an impromptu road trip with her young daughter and her best friend, Mindy. Along the way, the dynamic between the two friends intensifies before circumstances force them apart. Years later, Sarah attempts to rebuild their intimate connection in the days before Mindy’s wedding.",7.352,85,6700,2017-02-17,5.605,171,United States of America,,1,STEPHEN HOLDEN,Review: Two Friends Dance a Wary Tango in ‘Lovesong’,"The movie, directed by So Yong Kim, explores the mystery of unspoken love.",2017-02-16,2017-02-17,2017-11-02 04:18:26,article,https://www.nytimes.com/2017/02/16/movies/lovesong-review.html,Read the New York Times Review of Lovesong,mediumThreeByTwo210,https://static01.nyt.com/images/2017/02/17/arts/17LOVESONG/17LOVESONG-mediumThreeByTwo210.jpg,140.0,210.0,
Everybody Loves Somebody,Everybody Loves Somebody,2000000,"Romance, Comedy",en,"English, Spanish",,"On the surface, Clara Barron seems to have it all: a job as an OB-GYN; a great house in LA; and a loving family. But, the one thing Clara doesn't have figured out is her love life. Pressured by a family wedding in Mexico, Clara asks a co-worker to pose as her boyfriend for the weekend festivities,- only to be caught by surprise when her ex- boyfriend (and family favorite) suddenly shows up after disappearing from her life completely. Torn, Clara must decide between going back to the past or open her heart to new and unexpected possibilities.",6.047,102,0,2017-02-10,6.546,153,Mexico,PG-13,0,JEANNETTE CATSOULIS,"Review: ‘Everybody Loves Somebody,’ a Rom-Com With Bite","A messed-up heroine is asked to choose between naughty and nice in Catalina Aguilar Mastretta’s sophomore feature, which is predictable but satisfying.",2017-02-16,2017-02-17,2017-11-02 04:18:26,article,https://www.nytimes.com/2017/02/16/movies/everybody-loves-somebody-review.html,Read the New York Times Review of Everybody Loves Somebody,mediumThreeByTwo210,https://static01.nyt.com/images/2017/02/17/arts/17EVERYBODY/17EVERYBODY-mediumThreeByTwo210.jpg,140.0,210.0,
Two Lovers and a Bear,Two Lovers and a Bear,0,"Drama, Romance",en,English,,"Set in a small town near the North Pole where roads lead to nowhere, the story follows Roman and Lucy, two burning souls who come together to make a leap for life and inner peace.",7.102,96,0,2016-10-02,6.615,65,Canada,R,0,GLENN KENNY,Review: ‘Two Lovers and a Bear’ Walk Onto Some Arctic Ice,"Kim Nguyen’s film focuses on a pair of damaged young souls enveloped in beauty, absurdity and, despite the cold air, a lot of overheated romanticism.",2016-12-15,2016-12-16,2017-11-02 04:18:26,article,https://www.nytimes.com/2016/12/15/movies/two-lovers-and-a-bear-review.html,Read the New York Times Review of Two Lovers and a Bear,mediumThreeByTwo210,https://static01.nyt.com/images/2016/12/16/arts/16TWOLOVERS1/16TWOLOVERS1-mediumThreeByTwo210.jpg,140.0,210.0,
The Lovers and the Despot,The Lovers and the Despot,0,"Documentary, History",en,"English, Japanese, Korean",http://www.magpictures.com/theloversandthedespot/home,"Hong Kong, 1978. South Korean actress Choi Eun-hee is kidnapped by North Korean operatives following orders from dictator Kim Jong-il.",3.496,98,0,2016-09-22,6.9,28,"France, Netherlands, United Kingdom",,0,MANOHLA DARGIS,"Review: In ‘The Lovers and the Despot,’ a Harrowing Korean Ordeal","This documentary looks at how and why a South Korean actress, Choi Eun-hee, and a once successful film director, Shin Sang-ok, landed in North Korea.",2016-09-22,2016-09-23,2017-11-02 04:18:25,article,https://www.nytimes.com/2016/09/23/movies/the-lovers-and-the-despot-review.html,Read the New York Times Review of The Lovers and the Despot,mediumThreeByTwo210,https://static01.nyt.com/images/2016/09/23/arts/23LOVERS/23LOVERS-mediumThreeByTwo210.jpg,140.0,210.0,
Spaceman,Spaceman,0,"Comedy, Drama",en,English,,Story of former major league baseball pitcher Bill 'Spaceman' Lee following his release by the Montreal Expos.,2.212,90,0,2016-08-19,5.818,11,United States of America,R,0,NEIL GENZLINGER,"Review: In ‘Spaceman,’ a Pitcher Specializing in Brashness",Josh Duhamel portrays the ballplayer Bill Lee at a stage when he is slowly realizing that his major-league days are over.,2016-08-18,2016-08-19,2017-11-02 04:18:25,article,https://www.nytimes.com/2016/08/19/movies/spaceman-review-josh-duhamel.html,Read the New York Times Review of Spaceman,mediumThreeByTwo210,https://static01.nyt.com/images/2016/08/19/arts/19SPACEMAN/19SPACEMAN-mediumThreeByTwo210-v2.jpg,140.0,210.0,
A Tale of Love and Darkness,A Tale of Love and Darkness,4000000,Drama,he,Hebrew,http://www.focusfeatures.com/loveanddarkness,"The story of young Amos Oz, growing up in Jerusalem in the years before Israeli statehood with his parents; his academic father, Arieh, and his dreamy, imaginative mother, Fania.",5.902,95,572212,2015-09-03,5.661,127,"United States of America, Israel",PG-13,0,A. O. SCOTT,"Review: From Natalie Portman, Israel’s Birth Distilled in Mood and Memory","“A Tale of Love and Darkness,” based on Amos Oz’s memoir, depicts a family caught up in the conflict and confusion leading to Israel’s war of independence.",2016-08-18,2016-08-19,2017-11-02 04:18:25,article,https://www.nytimes.com/2016/08/19/movies/a-tale-of-love-and-darkness-review-natalie-portman-amos-oz.html,Read the New York Times Review of A Tale of Love and Darkness,mediumThreeByTwo210,https://static01.nyt.com/images/2016/08/19/arts/19TALELOVE-web/19TALELOVE-web-mediumThreeByTwo210.jpg,140.0,210.0,
How He Fell in Love,How He Fell in Love,0,"Romance, Drama",en,English,,A struggling musician enters into a chance affair with a married woman. The illicit encounters and resulting bond affect both in lasting and significant ways.,1.637,107,0,2015-06-11,3.885,13,United States of America,,0,HELEN T. VERONGOS,"Review: In ‘How He Fell in Love,’ an Extramarital Bond Unfolds",This Marc Meyers film focuses on how the relationship between a young musician and a middle-age woman affects them and others in their orbit.,2016-07-14,2016-07-15,2017-11-02 04:18:24,article,https://www.nytimes.com/2016/07/15/movies/how-he-fell-in-love-review.html,Read the New York Times Review of How He Fell in Love,mediumThreeByTwo210,https://static01.nyt.com/images/2016/07/15/arts/15HOWHEFELL/15HOWHEFELL-mediumThreeByTwo210.jpg,140.0,210.0,
Baaghi,बाघी,5103000,"Action, Thriller, Romance",hi,Hindi,,"Ronny is a rebellious man, who falls in love with Sia but circumstances separate them. Years later, Ronny learns that Sia is abducted by a martial arts champion, Raghav.",11.442,133,17377000,2016-04-29,6.358,106,India,,0,RACHEL SALTZ,"Review: ‘Baaghi,’ a Bollywood Rebel Tale in Search of a Cause","Fists and feet fly in this movie with the usual grab bag of romance, comedy and drama, directed by Sabbir Khan and starring Tiger Shroff and Shraddha Kapoor.",2016-05-01,2016-04-29,2017-11-02 04:18:24,article,https://www.nytimes.com/2016/05/02/movies/baaghi-review.html,Read the New York Times Review of Baaghi,mediumThreeByTwo210,https://static01.nyt.com/images/2016/05/02/arts/02BAAGHI-SUB/02BAAGHI-SUB-mediumThreeByTwo210.jpg,140.0,210.0,
Love Thy Nature,Love Thy Nature,0,Documentary,en,English,http://lovethynature.com,Love Thy Nature points to how deeply we’ve lost touch with nature and takes viewers on a cinematic journey through the beauty and intimacy of our relationship with the natural world. The film shows that a renewed connection with nature is key both to our health and the health of our planet.,2.446,76,52947,2014-11-01,4.5,8,United States of America,,0,NEIL GENZLINGER,"Review: In ‘Love Thy Nature,’ It Takes a Planet","Sylvie Rokab’s film, narrated by Liam Neeson, advocates redefining the relationship between humans and the natural world.",2016-04-21,2016-04-22,2017-11-02 04:18:24,article,https://www.nytimes.com/2016/04/22/movies/review-in-love-thy-nature-it-takes-a-planet.html,Read the New York Times Review of Love Thy Nature,,,,,
"Rio, I Love You","Rio, Eu Te Amo",0,"Drama, Romance",pt,"English, Spanish, Portuguese, French",http://rioeuteamo.net,"The third episode of the Cities of Love franchise, Rio, I Love You is an anthology, created by 10 visionary directors from across the globe. The story line of each segment focuses on an encounter of love in a different neighborhood of the city, demonstrating the distinctive qualities and character of that location. The film serves to bridge gaps between cultures, educating and entertaining the audience, while celebrating unique and universal expressions of love.",3.565,110,0,2014-09-12,5.0,37,Brazil,R,0,BEN KENIGSBERG,"Review: ‘Rio, I Love You,’ Stories That Make Up a Mash Note to a City","The directors of this anthology film, a paean to Rio de Janeiro, include Paolo Sorrentino, Guillermo Arriaga and Im Sang-soo.",2016-04-14,2016-04-15,2017-11-02 04:18:24,article,https://www.nytimes.com/2016/04/15/movies/rio-i-love-you-review.html,"Read the New York Times Review of Rio, I Love You",mediumThreeByTwo210,https://static01.nyt.com/images/2016/04/15/arts/15RIOILOVE/15RIOILOVE-mediumThreeByTwo210-v3.jpg,140.0,210.0,
10 Cloverfield Lane,10 Cloverfield Lane,15000000,"Thriller, Science Fiction, Drama, Horror",en,English,http://www.10cloverfieldlane.com/,"After getting in a car accident, a woman is held in a shelter with two men, who claim the outside world is affected by a widespread chemical attack.",30.289,104,110216998,2016-03-10,6.981,7311,United States of America,PG-13,1,JEANNETTE CATSOULIS,"Review: ‘10 Cloverfield Lane’ Houses a Survivalist, His Captive and Jolts","J.J. Abrams produced but did not direct this thriller, which is only slightly connected to his “Cloverfield” (2008) and stars Mary Elizabeth Winstead.",2016-03-10,2016-03-11,2017-11-02 04:18:23,article,https://www.nytimes.com/2016/03/11/movies/10-cloverfield-lane-review.html,Read the New York Times Review of 10 Cloverfield Lane,mediumThreeByTwo210,https://static01.nyt.com/images/2016/03/11/arts/cloverfield-1/cloverfield-1-mediumThreeByTwo210.jpg,140.0,210.0,
American Hero,American Hero,0,"Action, Comedy, Science Fiction",en,English,http://www.protagonistpictures.com/films/american-hero,"Melvin, a reluctant hero who is far from super, has been suppressing his telekinetic powers for years with booze, drugs, and women. In the process, he has failed at practically everything, most of all as a parent to his son. After a brush with death, Melvin decides to use his powers for good and clean up the streets of New Orleans with the help of his best friend/definitely-not-a-sidekick, Lucille. For a man who can do the impossible, it might be a fight even he can’t win.",5.924,86,0,2015-12-11,5.659,207,United States of America,,0,NEIL GENZLINGER,"Review: ‘American Hero,’ a Deadbeat Superhero, Forever Backsliding","Stephen Dorff stars as Melvin, an absentee dad who has the power to move objects with his mind, in this movie written and directed by Nick Love.",2015-12-10,2015-12-11,2017-11-02 04:18:23,article,https://www.nytimes.com/2015/12/11/movies/review-american-hero-a-deadbeat-superhero-forever-backsliding.html,Read the New York Times Review of American Hero,mediumThreeByTwo210,https://static01.nyt.com/images/2015/12/11/arts/11AMERICANHERO/11AMERICANHERO-mediumThreeByTwo210.jpg,140.0,210.0,
Love the Coopers,Love the Coopers,17000000,"Drama, Comedy, Family",en,English,http://www.cbsfilms.com/love-the-coopers/,"When four generations of the Cooper clan come together for their annual Christmas Eve celebration, a series of unexpected visitors and unlikely events turn the night upside down, leading them all toward a surprising rediscovery of family bonds and the spirit of the holiday.",17.548,107,42426912,2015-11-12,5.991,718,United States of America,PG-13,0,NEIL GENZLINGER,"Review: In ‘Love the Coopers,’ a Dysfunctional Family Sits Down to Christmas Dinner","Diane Keaton and John Goodman play a long-married couple who have big news to deliver to the family once it gathers, in Jessie Nelson’s film.",2015-11-12,2015-11-13,2017-11-02 04:18:23,article,https://www.nytimes.com/2015/11/13/movies/review-in-love-the-coopers-a-dysfunctional-family-sits-down-to-christmas-dinner.html,Read the New York Times Review of Love the Coopers,mediumThreeByTwo210,https://static01.nyt.com/images/2015/11/13/arts/13LOVECOOPERS/13LOVECOOPERS-mediumThreeByTwo210.jpg,140.0,210.0,
Love,Love,3000000,"Drama, Romance",fr,English,,"Murphy is an American living in Paris who enters a highly sexually and emotionally charged relationship with the unstable Electra. Unaware of the seismic effect it will have on their relationship, they invite their pretty neighbor into their bed.",28.93,134,249083,2015-07-06,6.455,2202,"Belgium, France",Not Rated,0,JEANNETTE CATSOULIS,"Review: ‘Love,’ Gaspar Noé’s Romance Told Through Sex",This fourth film from the Argentine director tells the story of a couple through physical encounters.,2015-10-29,2015-10-30,2017-11-02 04:18:22,article,https://www.nytimes.com/2015/10/30/movies/review-love-gaspar-noes-romance-told-through-sex.html,Read the New York Times Review of Love,mediumThreeByTwo210,https://static01.nyt.com/images/2015/10/30/arts/30LOVE/30LOVE-mediumThreeByTwo210.jpg,140.0,210.0,
Love Hunter,Love Hunter,0,"Music, Drama",en,"Serbian, English",,"Milan, a former Serbian rock star, takes us on a bumpy ride as he rides all over NYC picking up a motley crew of passengers to scramble money for his recording. When his bass player quits, he has to sift through New York musicians until he finds a promising replacement - and a romantic spark in a free-spirited female bassist. Just as the rehearsals start picking up steam, Milan's longtime Serbian girlfriend arrives with very different plans for their future.",0.6,86,0,2014-06-26,0.0,0,,,1,BEN KENIGSBERG,"Cruising for Fares, a Song in His Heart",The Serbian film “Love Hunter” centers on an ambitious Serbian musician trying to succeed in New York while making ends meet as a cabdriver.,2014-11-13,2014-11-14,2017-11-02 04:18:20,article,https://www.nytimes.com/2014/11/14/movies/love-hunter-about-a-serbian-musician-in-new-york.html,Read the New York Times Review of Love Hunter,mediumThreeByTwo210,https://static01.nyt.com/images/2014/11/14/arts/14LOVEHUNTER/LOVEHUNTER-mediumThreeByTwo210.jpg,140.0,210.0,
Force Majeure,Turist,0,Drama,sv,"French, Norwegian, Swedish, English",http://www.magpictures.com/forcemajeure/,"While holidaying in the French Alps, a Swedish family deals with acts of cowardliness as an avalanche breaks out.",8.957,120,4094339,2014-08-15,6.861,908,"Denmark, France, Norway, Sweden",R,1,STEPHEN HOLDEN,Every Man for Himself! Forget the Wife and Kids,"In Ruben Ostlund’s “Force Majeure,” a father flees what he thinks is an avalanche, but the family he leaves behind is not amused.",2014-10-23,2014-12-30,2018-11-08 21:56:09,article,https://www.nytimes.com/2014/10/24/movies/force-majeure-a-dark-swedish-comedy.html,Read the New York Times Review of Force Majeure,mediumThreeByTwo210,https://static01.nyt.com/images/2014/10/24/arts/force/force-mediumThreeByTwo210.jpg,140.0,210.0,
Miss Lovely,Miss Lovely,0,"Drama, Crime",hi,Hindi,http://www.miss-lovely.com/,"A Hindi feature film set in the lower depths of Bombay's ""C"" grade film industry. Miss Lovely follows the devastating story of two brothers who produce sleazy horror films in the mid-1980s.",2.143,113,0,2014-01-17,6.2,14,India,,0,NICOLAS RAPOLD,The Ugly Side of Bollywood,"In “Miss Lovely,” Ashim Ahluwalia shoves us into a 1980s demimonde of quick-and-dirty Indian exploitation movies, run by gangsters and sweatily intertwined with the sex trade.",2014-06-19,2014-06-20,2017-11-02 04:18:19,article,https://www.nytimes.com/2014/06/20/movies/miss-lovely-about-indian-exploitation-films.html,Read the New York Times Review of Miss Lovely,mediumThreeByTwo210,https://static01.nyt.com/images/2014/06/20/arts/20MISSLOVELY/MISSLOVELY-mediumThreeByTwo210.jpg,140.0,210.0,
The Love Punch,The Love Punch,0,"Comedy, Romance, Drama",en,"French, English",,"Retirement at last! Middle-aged and divorced, company owner Richard Jones is looking forward to a worry-free existence as he arrives at his office on his last day of work. Much to his dismay, he discovers that the management buyout of his company was fraudulent. The company is now bankrupt and the employee pension fund — including his own — has been embezzled. Enlisting the help of his ex-wife Kate, Richard sets out to track down the shady businessman behind the fraud.",8.438,94,0,2014-01-13,6.025,393,"United Kingdom, France",PG-13,0,BEN KENIGSBERG,Anything to Save Their Pensions,"In the comedy “The Love Punch,” a couple worried about their nest egg decide to steal a diamond.",2014-05-22,2014-05-23,2017-11-02 04:18:19,article,https://www.nytimes.com/2014/05/23/movies/the-love-punch-stars-pierce-brosnan-and-emma-thompson.html,Read the New York Times Review of The Love Punch,mediumThreeByTwo210,https://static01.nyt.com/images/2014/05/23/arts/23LOVEPUNCH/LOVEPUNCH-mediumThreeByTwo210.jpg,140.0,210.0,
It Felt Like Love,It Felt Like Love,0,Drama,en,English,https://itfeltlikelove.vhx.tv,"14-year-old Lila spends a languid South Brooklyn summer playing third wheel to her promiscuous friend Chiara and Chiara’s boyfriend Patrick. Eager for her own sexual awakening, Lila gamely decides to pursue the older, thuggish Sammy, rumored to sleep with anyone.",5.73,82,0,2013-01-19,5.5,50,United States of America,Unrated,1,JEANNETTE CATSOULIS,Pursuing Sex With a Bad Boy,“It Felt Like Love” considers the dangers of teenage desire through the experiences of a coltish 14-year-old girl who randomly fixes on a weed-smoking tough guy.,2014-03-20,2014-03-21,2017-11-02 04:18:18,article,https://www.nytimes.com/2014/03/21/movies/in-it-felt-like-love-a-teenager-flirts-with-danger.html,Read the New York Times Review of It Felt Like Love,mediumThreeByTwo210,https://static01.nyt.com/images/2014/03/21/arts/21RDP_FELT_SPAN/ITFELTLIKELOVE-mediumThreeByTwo210.jpg,140.0,210.0,
Shirin in Love,Shirin in Love,0,"Comedy, Romance",en,English,,"Despite being engaged to a successful Iranian plastic surgeon in Beverly Hills, Shirin finds herself falling for a mysterious young man who lives  in a lighthouse in northern California.",2.586,104,49254,2014-03-14,4.167,9,United States of America,,0,NICOLAS RAPOLD,Writing a New Romance,"In “Shirin in Love,” a young Iranian-American journalist who feels lukewarm about her fiancé rushes headlong into a relationship with the son of an interview subject.",2014-03-14,2014-03-14,2017-11-02 04:18:18,article,https://www.nytimes.com/2014/03/14/movies/shirin-in-love-directed-by-ramin-niami.html,Read the New York Times Review of Shirin in Love,mediumThreeByTwo210,https://static01.nyt.com/images/2014/03/14/arts/14RDP_SHIRININLOVE_SPAN/14RDP_SHIRININLOVE_SPAN-mediumThreeByTwo210.jpg,140.0,210.0,
Endless Love,Endless Love,20000000,"Drama, Romance",en,English,,A privileged girl and a charismatic boy's instant desire sparks a love affair made only more reckless by parents trying to keep them apart.,15.732,103,34077920,2014-02-12,6.899,1598,United States of America,PG-13,0,MANOHLA DARGIS,Hellbent on Fusing His Soul With Hers,"“Endless Love, based on the 1979 novel by Scott Spencer, focuses on an all-consuming relationship between a boy and a privileged girl whose parents are deeply concerned about it.”",2014-02-13,2014-02-14,2017-11-02 04:18:18,article,https://www.nytimes.com/2014/02/14/movies/endless-love-about-a-ferocious-attachment.html,Read the New York Times Review of Endless Love,mediumThreeByTwo210,https://static01.nyt.com/images/2014/02/14/arts/endless-image/endless-image-mediumThreeByTwo210.jpg,140.0,210.0,
Loves Her Gun,Loves Her Gun,0,Drama,en,English,http://www.loveshergun.com,Allie moves to Texas and embraces the slower pace of life and gun culture. She tries to maintain healthy relationships as the weapons she uses to protect herself lead her to a paranoid withdrawal from life.,2.039,99,0,2013-03-09,5.6,8,United States of America,,1,JEANNETTE CATSOULIS,Buying Peace of Mind With a Pistol,"After a violent mugging, a young New York woman moves to Austin, Tex., in search of peace and security in “Loves Her Gun.”",2014-01-09,2014-01-10,2017-11-02 04:18:18,article,https://www.nytimes.com/2014/01/10/movies/buying-peace-of-mind-with-a-pistol.html,Read the New York Times Review of Loves Her Gun,mediumThreeByTwo210,https://static01.nyt.com/images/2014/01/10/arts/10RDP_LOVES_SPAN/10RDP_LOVES_SPAN-mediumThreeByTwo210.jpg,140.0,210.0,
God Loves Uganda,God Loves Uganda,0,Documentary,en,"English, Swahili",http://www.godlovesuganda.com/,A powerful exploration of the evangelical campaign to infuse African culture with values imported from America's Christian Right. The film follows American and Ugandan religious leaders fighting sexual immorality and missionaries trying to convince Ugandans to follow biblical law.,1.996,83,0,2013-10-11,6.9,16,United States of America,,1,JEANNETTE CATSOULIS,"Court the Soul, Pummel the Sexuality",“God Loves Uganda” explores the role of the American evangelical movement in promoting a Ugandan proposal to imprison or even execute homosexuals.,2013-10-10,2013-10-11,2017-11-02 04:18:17,article,https://www.nytimes.com/2013/10/11/movies/god-loves-uganda-explores-missionaries-antigay-stance.html,Read the New York Times Review of God Loves Uganda,mediumThreeByTwo210,https://static01.nyt.com/images/2013/10/11/arts/11RDP_GODLOVES_SPAN/11RDP_GODLOVES_SPAN-mediumThreeByTwo210.jpg,140.0,210.0,
Paradise: Love,Paradies: Liebe,3600000,Drama,de,German,,"On the beaches of Kenya they're known as ""Sugar Mamas"" -- European women who seek out African boys selling love to earn a living. Teresa, a 50-year-old Austrian and mother of a daughter entering puberty, travels to this vacation paradise. She goes from one Beach Boy to the next, from one disappointment to the next and finally she must recognize: On the beaches of Kenya love is a business.",11.42,120,24267,2012-04-27,6.82,158,"Austria, France, Germany",Unrated,0,A. O. SCOTT,"Stripped of Clothes, Dignity and Maybe Shame","In “Paradise: Love,” a middle-age single mother in Austria treats herself to a birthday trip to a coastal resort in Kenya.",2013-04-25,2013-04-26,2017-11-02 04:18:16,article,https://www.nytimes.com/2013/04/26/movies/paradise-love-first-in-a-trilogy-directed-by-ulrich-seidl.html,Read the New York Times Review of Paradise: Love,,,,,
The Sweeney,The Sweeney,3730500,"Action, Crime",en,"Serbian, English",,"Jack Regan, a hardened cop who doesn’t play by the rules, is confronted with a criminal from his past. With sidekick George Carter they are put on the case of a jewellery store heist that ends in a killing. But is that killing really an execution in disguise? With pressure from his boss and the fact that Regan is having an affair with that boss’s wife, it’s not going to be easy for him to stay out of trouble.",11.641,112,6294161,2012-09-11,5.648,244,United Kingdom,R,0,JEANNETTE CATSOULIS,This London Police Unit Will Do Anything,"“The Sweeney” follows Jack Regan, the leader of an elite London police unit whose tactics emulate those of the thugs it pursues.",2013-02-28,2013-03-01,2017-11-02 04:18:16,article,https://www.nytimes.com/2013/03/01/movies/the-sweeney-with-ray-winstone-directed-by-nick-love.html,Read the New York Times Review of The Sweeney,,,,,
The Oogieloves in the Big Balloon Adventure,The Oogieloves in the Big Balloon Adventure,0,"Adventure, Family, Fantasy",en,English,,"It's Schluufy's birthday, and the Oogieloves (Goobie, Zoozie and Toofie), along with their friends J. Edgar, Windy Window and Ruffy, are organizing a party. (Shh! It's a secret.) Everything is going along just perfectly until J. Edgar trips and loses the last five magical balloons in all of Lovelyloveville--OH NO! The Oogiloves set out to find the magical balloons in time to save their friend's party. Along the way, they meet some very interesting characters indeed, including Dotty Rounder (Cloris Leachman), Bobby Wobbly (Carey Elwes), Milky Marvin (Chazz Palminteri), Rosalie Rosebud (Toni Braxton) and Lola and Lero Sombero (Christopher Lloyd and Jaime Pressly). Can these new friends help them recover the magical balloons and get back to the cottage in time to celebrate Schluufy's surprise birthday?",2.797,88,0,2012-08-29,2.75,24,United States of America,G,0,A. O. SCOTT,"Lovelyloveville, Where Pillows Get Presents",Silliness runs rampant for the Oogieloves and their young friends on screen and in the movie theater audience.,2012-08-28,2012-08-29,2017-11-02 04:18:15,article,https://www.nytimes.com/2012/08/29/movies/movie-review-the-oogieloves-and-the-big-balloon-adventure.html,Read the New York Times Review of The Oogieloves in the Big Balloon Adventure,,,,,
Shut Up and Play the Hits,Shut Up and Play the Hits,0,"Music, Documentary",en,English,http://www.shutupandplaythehits.com/,"An intimate portrait of Brooklyn-based electronic rock band LCD Soundsystem's then-final live show on April 2, 2011, capturing both the exuberant, three-hour farewell concert at New York City's Madison Square Garden and frontman James Murphy's introspective 48 hours surrounding it.",2.697,105,0,2012-01-22,7.0,44,United Kingdom,Not Rated,0,JON CARAMANICA,"Singer Made His Mark, Then He Left It","The documentary “Shut Up and Play the Hits” covers the last concert by LCD Soundsystem, fronted by James Murphy.",2012-07-26,2012-07-18,2017-11-02 04:18:15,article,https://www.nytimes.com/2012/07/27/movies/shut-up-and-play-the-hits-lcd-soundsystems-swan-song.html,Read the New York Times Review of Shut Up and Play the Hits,,,,,
